{
  "usuarios": [
    {
      "id": 1,
      "nome": "Caroline",
      "email": "caroline@email.com",
      "cpf": "123.456.789-01",
      "banco": "001"
    },
    {
      "id": 2,
      "nome": "Francislene",
      "email": "francislene@email.com",
      "cpf": "123.456.789-02",
      "banco": "002"
    },
    {
      "id": 3,
      "nome": "Paula",
      "email": "paula@email.com",
      "cpf": "123.456.789-03",
      "banco": "003"
    },
    {
      "id": 4,
      "nome": "Priscila",
      "email": "priscila@email.com",
      "cpf": "123.456.789-04",
      "banco": "004"
    }
  ],
  "contas": [
    {
      "id": 1,
      "idUsuario": 1,
      "saldo": 5001
    },
    {
      "id": 2,
      "idUsuario": 2,
      "saldo": 5002
    },
    {
      "id": 3,
      "idUsuario": 3,
      "saldo": 5003
    },
    {
      "id": 4,
      "idUsuario": 4,
      "saldo": 5004
    }
  ]
}